Phrase	SoundsLike	IPA	DisplayAs
Medicity			
Económicas			
Smart-Club			SmartClub
Farmaenlace			
Farmacéutico-Virtual			Farmacéutico Virtual
Paracetamol			
Acetaminofén			
Ibuprofeno			
Naproxeno			
Diclofenaco			
Loratadina			
Cetirizina			
Desloratadina			
Clorfenamina			
Fenilefrina			
Dextrometorfano			
Ambroxol			
Bromhexina			
Omeprazol			
Simeticona			
Oseltamivir			
Amoxicilina			
Antigripal			
Multivitamínico			
Antiácido			
Tensiómetro			
Complejo-B			complejo B
Buprex			
Buprex-Flash			Buprex Flash
Tempra			
Finalín			
Apronax			
Dolo-Neurobión			Dolo-Neurobión
Neurobión			
Tapsin			
Lemonflu			
Desenfriolito			
Mucosolvan			
Bisolvon			
Sal-de-Frutas-Eno			Sal de Frutas Eno
Eno			
Alka-Seltzer			Alka-Seltzer
Vick-VapoRub			Vick VapoRub
Mentholatum			
Pedialyte			
Electrolit			
Hidraplus			
Enterogermina			
Redoxon			
Centrum			
Ensure			
Pampers			
Huggies			
Advil			
Aspirina			
Panadol			
Buscapina			
Sertal			
Voltaren			
Clarityne			
Strepsils			
Halls			
Dramamine			
Pepto-Bismol			Pepto-Bismol
Gaviscon			
Tamiflu			
Bubreks			Buprex
A-Pronax			Apronax
Fina-lín			Finalín
